{
	"color":"#421266",
	"light_color":"#B478E6",
	"dark_color":"#18012B",
	"background_color":"#8FB902",
	"background_color_light" : "#A1C31A",
	"background_color_dark" : "#4A5F0A",
	"body_font" : "'Helvetica Neue',Helvetica,Arial,sans-serif",
	"heading_font" : "'Helvetica Neue',Helvetica,Arial,sans-serif",
	"slider":[
		{
			"title":"Default Template Slider",
			"description":"This is description for Default Slider!",
			"image":"/website/templates/default/default/img/girl.jpg"
		},{
			"title":"Default Template Slider 2",
			"description":"This is description for Default Slider 2!",
			"image":"/website/templates/default/default/img/girl.jpg"
		}
	]
}