{
	"color":"#24600B",
	"light_color":"#B478E6",
	"dark_color":"#ef0b56",
	"background_color":"262626",
	"background_color_light" : "#DDDDDD",
	"background_color_dark" : "rgb(175, 31, 84)",
	"body_font" : "'Helvetica Neue',Helvetica,Arial,sans-serif",
	"heading_font" : "'Helvetica Neue',Helvetica,Arial,sans-serif",
	"slider":[
		{
			"title":"Default Template Slider",
			"description":"This is description for Default Slider!",
			"image":"/website/templates/default/default/img/girl.jpg"
		},{
			"title":"Default Template Slider 2",
			"description":"This is description for Default Slider 2!",
			"image":"/website/templates/default/default/img/girl.jpg"
		}
	]
}