<?xml version="1.0" encoding="utf-8"?>
<!DOCTYPE install PUBLIC "-//Joomla! 2.5//DTD template 1.0//EN" "http://www.joomla.org/xml/dtd/2.5/template-install.dtd">
<extension version="3.1" type="template" client="site">
	<name>Kai Rasika Mahavidyalaya</name>
	<version>1.0</version>
	<creationDate>4/30/2012</creationDate>
	<author>Web Touch</author>
	<authorEmail>admin@wtouch.in</authorEmail>
	<copyright>Copyright (C) Web Touch india Solutions. All rights reserved.</copyright>
	<description>TPL_PROTOSTAR_XML_DESCRIPTION</description>
	<files>

		<filename>index.php</filename>
		<filename>templateDetails.xml</filename>
		<folder>css</folder>
		<folder>html</folder>
		<folder>img</folder>
		<folder>fonts</folder>
		<folder>js</folder>
		<folder>language</folder>
	</files>
	<positions>
		<position>header</position>
		<position>nav</position>
		<position>banner</position>
		<position>top-content</position>
		<position>breadcrumb</position>
		<position>left</position>
		<position>right</position>
		<position>bottom-content</position>
		<position>footer</position>
	</positions>
	<languages folder="language">
		<language tag="en-GB">en-GB/en-GB.tpl_localtemp.ini</language>
		<language tag="en-GB">en-GB/en-GB.tpl_localtemp.sys.ini</language>
	</languages>
	<config>
		<fields name="params">
			<fieldset name="advanced">
				<field name="templateColor" class="" type="color" default="#08C"
					label="TPL_PROTOSTAR_COLOR_LABEL"
					description="TPL_PROTOSTAR_COLOR_DESC" />

				<field name="templateBackgroundColor" class="" type="color" default="#F4F6F7"
					label="TPL_PROTOSTAR_BACKGROUND_COLOR_LABEL"
					description="TPL_PROTOSTAR_BACKGROUND_COLOR_DESC" />

				<field name="logoFile" class="" type="media" default=""
					label="TPL_PROTOSTAR_LOGO_LABEL"
					description="TPL_PROTOSTAR_LOGO_DESC" />
					
				<field name="sitetitle"  type="text" default=""
					label="JGLOBAL_TITLE"
					description="JFIELD_ALT_PAGE_TITLE_LABEL"
					filter="string" />

				<field name="sitedescription"  type="text" default=""
					label="JGLOBAL_DESCRIPTION"
					description="JGLOBAL_SUBHEADING_DESC"
					filter="string" />

				<field name="googleFont"
					type="radio"
					class="btn-group btn-group-yesno"
					default="1"
					label="TPL_PROTOSTAR_FONT_LABEL"
					description="TPL_PROTOSTAR_FONT_DESC"
				>
					<option value="1">JYES</option>
					<option value="0">JNO</option>
				</field>

				<field name="googleFontName" class="" type="text" default="Open+Sans"
					label="TPL_PROTOSTAR_FONT_NAME_LABEL"
					description="TPL_PROTOSTAR_FONT_NAME_DESC" />

				<field name="fluidContainer"
					type="radio"
					class="btn-group btn-group-yesno"
					default="0"
					label="TPL_PROTOSTAR_FLUID_LABEL"
					description="TPL_PROTOSTAR_FLUID_DESC"
				>
					<option value="1">TPL_PROTOSTAR_FLUID</option>
					<option value="0">TPL_PROTOSTAR_STATIC</option>
				</field>
			</fieldset>
		</fields>
	</config>
</extension>
