{
	"color":"#264903",
	"light_color":"#CCFFCC",
	"dark_color":"#E2271F",
	"background_color":"#49741E",
	"background_color_light" : "#C4DE9B",
	"background_color_dark" : "#3a0c0a",
	"body_font" : "'Helvetica Neue',Helvetica,Arial,sans-serif",
	"heading_font" : "'Helvetica Neue',Helvetica,Arial,sans-serif",
	"slider":[
		{
			"title":"Default Template Slider",
			"description":"This is description for Default Slider!",
			"image":"/website/templates/default/default/img/girl.jpg"
		},{
			"title":"Default Template Slider 2",
			"description":"This is description for Default Slider 2!",
			"image":"/website/templates/default/default/img/girl.jpg"
		}
	]
}