{
	"color":"#0088cc",
	"light_color":"#fff",
	"dark_color":"#0088cc",
	"background_color":"#2C7CA5",
	"background_color_light" : "#B9DDEF",
	"background_color_dark" : "#01354F",
	"body_font" : "'Helvetica Neue',Helvetica,Arial,sans-serif",
	"heading_font" : "'Helvetica Neue',Helvetica,Arial,sans-serif",
	"slider":[
		{
			"title":"Default Template Slider",
			"description":"This is description for Default Slider!",
			"image":"/website/templates/default/default/img/girl.jpg"
		},{
			"title":"Default Template Slider 2",
			"description":"This is description for Default Slider 2!",
			"image":"/website/templates/default/default/img/girl.jpg"
		}
	]
}