{
	"color":"#fff",
	"light_color":"#7F8C8C",
	"dark_color":"#384764",
	"background_color":"#8D9CB7",
	"background_color_light" : "#C8CFDD",
	"background_color_dark" : "#384764",
	"body_font" : "'Helvetica Neue',Helvetica,Arial,sans-serif",
	"heading_font" : "'Helvetica Neue',Helvetica,Arial,sans-serif",
	"slider":[
		{
			"title":"Default Template Slider",
			"description":"This is description for Default Slider!",
			"image":"/website/templates/default/default/img/mobile.png"
		},{
			"title":"Default Template Slider 2",
			"description":"This is description for Default Slider 2!",
			"image":"/website/templates/default/default/img/images1.jpg"
		}
	]
}