{
	"color":"#bccb3d",
	"light_color":"#BBBBBB",
	"dark_color":"#171600",
	"background_color":"#272600",
	"background_color_light" : "#a90d16",
	"background_color_dark" : "#8e0b13",
	"black_color" : "#000000",
	"white_color" : "#ffffff",
	"body_font" : "'Helvetica Neue',Helvetica,Arial,sans-serif",
	"heading_font" : "'Helvetica Neue',Helvetica,Arial,sans-serif",
	"slider":[
		{
			"title":"Default Template Slider",
			"description":"This is description for Default Slider!",
			"image":"/uploads/general/templateImages/download.jpg"
		},{
			"title":"Default Template Slider 2",
			"description":"This is description for Default Slider 2!",
			"image":"/uploads/general/templateImages/desert.jpg"
		}
	]
}