{
	"color":"#77746C",
	"light_color":"#77746C",
	"dark_color":"#CF6021",
	"background_color":"#C8B548",
	"background_color_light" : "#F8E7BA",
	"background_color_dark" : "#85933d",
	"body_font" : "'Helvetica Neue',Helvetica,Arial,sans-serif",
	"heading_font" : "'Helvetica Neue',Helvetica,Arial,sans-serif",
	"slider":[
		{
			"title":"Default Template Slider",
			"description":"This is description for Default Slider!",
			"image":"/website/templates/default/default/img/girl.jpg"
		},{
			"title":"Default Template Slider 2",
			"description":"This is description for Default Slider 2!",
			"image":"/website/templates/default/default/img/girl.jpg"
		}
	]
}