{
	"color":"#AEB767",
	"light_color":"#AEB767",
	"dark_color":"#5e311a", 
	"background_color":"#A9B25D",
	"background_color_light" : "#DAA138",
	"background_color_dark" : "#5e311a",
	"body_font" : "'Helvetica Neue',Helvetica,Arial,sans-serif",
	"heading_font" : "'Helvetica Neue',Helvetica,Arial,sans-serif",
	"slider":[
		{
			"title":"Default Template Slider",
			"description":"This is description for Default Slider!",
			"image":"/website/templates/default/default/img/girl.jpg"
		},{
			"title":"Default Template Slider 2",
			"description":"This is description for Default Slider 2!",
			"image":"/website/templates/default/default/img/girl.jpg"
		}
	]
}