{
	"color":"#F7CBCE",
	"light_color":"#ff8087",
	"dark_color":"#951544",
	"background_color":"#772B3D",
	"background_color_light" : "#E3DBBE",
	"background_color_dark" : "#440A02",
	"body_font" : "'Helvetica Neue',Helvetica,Arial,sans-serif",
	"heading_font" : "'Helvetica Neue',Helvetica,Arial,sans-serif",
	"slider":[
		{
			"title":"Default Template Slider",
			"description":"This is description for Default Slider!",
			"image":"/website/templates/default/default/img/girl.jpg"
		},{
			"title":"Default Template Slider 2",
			"description":"This is description for Default Slider 2!",
			"image":"/website/templates/default/default/img/girl.jpg"
		}
	]
}